last_software_update_at,data_plane_disabled,platform,agent_type,host_name,current_sw_version,enable_pid_lookup,last_config_fetch_at
1500905512,FALSE,CentOS-6.9,Enforcement Agent,medenduser,2.1.1.31-1-enforcer,TRUE,1510970519
1500905525,FALSE,CentOS-6.9,Enforcement Agent,mednginx,2.1.1.31-1-enforcer,TRUE,1514671688
1500905542,FALSE,CentOS-6.9,Enforcement Agent,medmalware,2.1.1.31-1-enforcer,TRUE,1510682437
1500905568,FALSE,CentOS-6.7,Enforcement Agent,medtomcat,2.2.1.34-1-enforcer,TRUE,1519539836
1500905575,FALSE,CentOS-6.7,Enforcement Agent,medtomcatalt,2.2.1.34-1-enforcer,TRUE,1519540074
1500905583,FALSE,CentOS-6.7,Enforcement Agent,meddb,2.2.1.34-1-enforcer,TRUE,1519540033
1516553902,FALSE,MSServer2012R2Datacenter,Enforcement Agent,App02,2.2.1.34.win64-enforcer,TRUE,1521483108
1516553122,FALSE,MSServer2012R2Datacenter,Enforcement Agent,dc02,2.2.1.34.win64-enforcer,TRUE,1521483093
1516553186,FALSE,MSServer2012R2Datacenter,Enforcement Agent,dc03,2.2.1.34.win64-enforcer,TRUE,1521483515
1516553243,FALSE,MSServer2012R2Datacenter,Enforcement Agent,dc01,2.2.1.34.win64-enforcer,TRUE,1521482682
1516553036,FALSE,MSServer2012R2Datacenter,Enforcement Agent,SPApp01,2.2.1.34.win64-enforcer,TRUE,1521483174
1516553106,FALSE,MSServer2012R2Datacenter,Enforcement Agent,SPDC01,2.2.1.34.win64-enforcer,TRUE,1517867094
1516553074,FALSE,MSServer2012R2Datacenter,Enforcement Agent,SPFE01,2.2.1.34.win64-enforcer,TRUE,1521483171
1516553068,FALSE,MSServer2012R2Datacenter,Enforcement Agent,SPSearch01,2.2.1.34.win64-enforcer,TRUE,1521483172
1516553867,FALSE,MSServer2012R2Datacenter,Enforcement Agent,web01,2.2.1.34.win64-enforcer,TRUE,1521483014
1516553896,FALSE,MSServer2012R2Datacenter,Enforcement Agent,Web02,2.2.1.34.win64-enforcer,TRUE,1521482746
1516553884,FALSE,MSServer2012R2Datacenter,Enforcement Agent,SQL01,2.2.1.34.win64-enforcer,TRUE,1521483025
1516553811,FALSE,MSServer2012R2Datacenter,Enforcement Agent,SQL02,2.2.1.34.win64-enforcer,TRUE,1521483596
1516556492,FALSE,CentOS-7.3,Enforcement Agent,splunk,2.2.1.34-1-enforcer,TRUE,1521483268
1516552877,FALSE,MSServer2012R2Datacenter,Enforcement Agent,WIN-55440HL42DM,2.2.1.34.win64-enforcer,TRUE,1521482978
1502126994,FALSE,Ubuntu-14.04,Enforcement Agent,cnc-ta-haproxy-a,2.2.1.34-1-enforcer,TRUE,1521483275
1502128413,FALSE,Ubuntu-14.04,Enforcement Agent,cnc-ta-haproxy-b,2.2.1.34-1-enforcer,TRUE,1521483900
1517283077,FALSE,MSServer2012R2Standard,Enforcement Agent,cnc-ta-dc-a,2.2.1.34.win64-enforcer,TRUE,1521482949
1517281448,FALSE,MSServer2012R2Standard,Enforcement Agent,cnc-ta-dc-b,2.2.1.34.win64-enforcer,TRUE,1521483817
1502136667,FALSE,Ubuntu-14.04,Enforcement Agent,cnc-ta-web-a,2.2.1.34-1-enforcer,TRUE,1521482946
1502136748,FALSE,Ubuntu-14.04,Enforcement Agent,cnc-ta-web-b,2.2.1.34-1-enforcer,TRUE,1521483608
1502313883,FALSE,Ubuntu-14.04,Enforcement Agent,cnc-ta-app-a,2.2.1.34-1-enforcer,TRUE,1521483758
1502313940,FALSE,Ubuntu-14.04,Enforcement Agent,cnc-ta-app-b,2.2.1.34-1-enforcer,TRUE,1521482697
1502313989,FALSE,Ubuntu-14.04,Enforcement Agent,cnc-ta-db-a,2.2.1.34-1-enforcer,TRUE,1521483020
1502314036,FALSE,Ubuntu-14.04,Enforcement Agent,cnc-ta-db-b,2.2.1.34-1-enforcer,TRUE,1521483881
1502314089,FALSE,Ubuntu-14.04,Enforcement Agent,cnc-ta-mgmt-a,2.2.1.34-1-enforcer,TRUE,1521483669
1506151606,FALSE,Ubuntu-14.04,Deep Visibility Agent,meat-db-14,2.2.1.34-1-sensor,TRUE,1521483667
1506152116,FALSE,Ubuntu-14.04,Deep Visibility Agent,meat-app-14,2.2.1.34-1-sensor,TRUE,1521483711
1506152624,FALSE,Ubuntu-14.04,Deep Visibility Agent,meat-web-14,2.2.1.34-1-sensor,TRUE,1521483242
1506152844,FALSE,Ubuntu-14.04,Deep Visibility Agent,meat-malware-14,2.2.1.34-1-sensor,TRUE,1521483921
1506153482,FALSE,Ubuntu-14.04,Deep Visibility Agent,meat-enduser-14,2.2.1.34-1-sensor,TRUE,1521483288
1506153696,FALSE,Ubuntu-14.04,Deep Visibility Agent,meat-appnodejs-14,2.2.1.34-1-sensor,TRUE,1521483883
1508349150,FALSE,Ubuntu-14.04,Deep Visibility Agent,meat-diagram-14,2.2.1.34-1-sensor,TRUE,1521483411
1508481096,FALSE,Ubuntu-14.04,Deep Visibility Agent,meat-servicenow-14,2.2.1.34-1-sensor,TRUE,1521482826
1516658615,FALSE,MSServer2012R2Datacenter,Enforcement Agent,App01,2.2.1.34.win64-enforcer,TRUE,1521483033
1508859010,FALSE,MSWindows10Enterprise,Enforcement Agent,wks02,2.1.1.29.win64-enforcer,TRUE,1521483180
1509985838,FALSE,MSWindows10Enterprise,Enforcement Agent,WKS01,2.1.1.31.win64-enforcer,TRUE,1521483156
1509986499,FALSE,MSWindows10Enterprise,Enforcement Agent,wks02,2.1.1.31.win64-enforcer,TRUE,1521483170
1516405802,FALSE,linux-amd64,Universal Visibility Agent,orchestrator-1,2.2.1.34-lw,TRUE,1521483901
1516405801,FALSE,linux-amd64,Universal Visibility Agent,orchestrator-3,2.2.1.34-lw,TRUE,1521483901
1516405817,FALSE,linux-amd64,Universal Visibility Agent,orchestrator-2,2.2.1.34-lw,TRUE,1521483901
1516473509,FALSE,CentOS-7.3,Enforcement Agent,host-a,2.2.1.34-1-enforcer,TRUE,1520517580
1516471764,FALSE,CentOS-7.3,Enforcement Agent,host-b,2.2.1.34-1-enforcer,TRUE,1520518783
1516553802,FALSE,MSServer2012R2Datacenter,Enforcement Agent,chmchenr-t1,2.2.1.34.win64-enforcer,TRUE,1517887285
1515822554,FALSE,linux-386,Universal Visibility Agent,agenttest-universal1,2.1.1.31-lw,TRUE,1520631051
1515823155,FALSE,linux-386,Universal Visibility Agent,agenttest-universal2,2.1.1.31-lw,TRUE,1520631051
1515823455,FALSE,linux-386,Universal Visibility Agent,agenttest-universal3,2.1.1.31-lw,TRUE,1520631051
1516523927,FALSE,CentOS-7.3,Deep Visibility Agent,agenttest-deep,2.2.1.34-1-sensor,TRUE,1520630506
1516212420,FALSE,CentOS-7.4,Enforcement Agent,tetration-lab2-prod-app,2.1.1.31-1-enforcer,TRUE,1517510862
1516217748,FALSE,CentOS-7.3,Span Visibility Agent,rtp-spanagent01-172-26-46-21,2.2.1.34-1-span,FALSE,1517867340
1516217748,FALSE,CentOS-7.3,Span Visibility Agent,rtp-spanagent01-172-26-46-20,2.2.1.34-1-span,FALSE,1517867340
1516217748,FALSE,CentOS-7.3,Span Visibility Agent,rtp-spanagent01-172-26-46-23,2.2.1.34-1-span,FALSE,1517867340
1516226938,FALSE,CentOS-7.4,Enforcement Agent,tetration-lab2-prod-web,2.1.1.31-1-enforcer,TRUE,1517510217
1516406717,FALSE,CentOS-6.5,Deep Visibility Agent,collectorDatamover-2,2.2.1.34-1-sensor,TRUE,1521482865
1516406717,FALSE,CentOS-6.5,Deep Visibility Agent,collectorDatamover-1,2.2.1.34-1-sensor,TRUE,1521482822
1516406717,FALSE,CentOS-6.5,Deep Visibility Agent,collectorDatamover-3,2.2.1.34-1-sensor,TRUE,1521482841
1516406717,FALSE,CentOS-6.5,Deep Visibility Agent,collectorDatamover-5,2.2.1.34-1-sensor,TRUE,1521482848
1516406717,FALSE,CentOS-6.5,Deep Visibility Agent,collectorDatamover-4,2.2.1.34-1-sensor,TRUE,1521482842
1516406717,FALSE,CentOS-6.5,Deep Visibility Agent,collectorDatamover-6,2.2.1.34-1-sensor,TRUE,1521482847
1516406718,FALSE,CentOS-6.5,Deep Visibility Agent,collectorDatamover-7,2.2.1.34-1-sensor,TRUE,1521482879
1516406718,FALSE,CentOS-6.5,Deep Visibility Agent,collectorDatamover-9,2.2.1.34-1-sensor,TRUE,1521482857
1516406718,FALSE,CentOS-6.5,Deep Visibility Agent,collectorDatamover-8,2.2.1.34-1-sensor,TRUE,1521482861
1516406718,FALSE,CentOS-6.5,Deep Visibility Agent,collectorDatamover-10,2.2.1.34-1-sensor,TRUE,1521483070
1516406718,FALSE,CentOS-6.5,Deep Visibility Agent,collectorDatamover-11,2.2.1.34-1-sensor,TRUE,1521483497
1516406718,FALSE,CentOS-6.5,Deep Visibility Agent,collectorDatamover-12,2.2.1.34-1-sensor,TRUE,1521482853
1516406718,FALSE,CentOS-6.5,Deep Visibility Agent,collectorDatamover-14,2.2.1.34-1-sensor,TRUE,1521482870
1516406718,FALSE,CentOS-6.5,Deep Visibility Agent,collectorDatamover-13,2.2.1.34-1-sensor,TRUE,1521482865
1516406718,FALSE,CentOS-6.5,Deep Visibility Agent,collectorDatamover-16,2.2.1.34-1-sensor,TRUE,1521482807
1516406343,FALSE,CentOS-6.5,Deep Visibility Agent,collectorDatamover-15,2.2.1.34-1-sensor,TRUE,1521483919
1516406343,FALSE,CentOS-6.5,Deep Visibility Agent,druidCoordinator-2,2.2.1.34-1-sensor,TRUE,1521483236
1516406343,FALSE,CentOS-6.5,Deep Visibility Agent,druidCoordinator-1,2.2.1.34-1-sensor,TRUE,1521483300
1516406343,FALSE,CentOS-6.5,Deep Visibility Agent,datanode-1,2.2.1.34-1-sensor,TRUE,1521483925
1516406344,FALSE,CentOS-6.5,Deep Visibility Agent,datanode-2,2.2.1.34-1-sensor,TRUE,1521483930
1516406344,FALSE,CentOS-6.5,Deep Visibility Agent,datanode-7,2.2.1.34-1-sensor,TRUE,1521483943
1516406344,FALSE,CentOS-6.5,Deep Visibility Agent,datanode-3,2.2.1.34-1-sensor,TRUE,1521483947
1516406344,FALSE,CentOS-6.5,Deep Visibility Agent,datanode-9,2.2.1.34-1-sensor,TRUE,1521483536
1516406344,FALSE,CentOS-6.5,Deep Visibility Agent,datanode-5,2.2.1.34-1-sensor,TRUE,1521483926
1516406344,FALSE,CentOS-6.5,Deep Visibility Agent,datanode-6,2.2.1.34-1-sensor,TRUE,1521483943
1516406344,FALSE,CentOS-6.5,Deep Visibility Agent,datanode-8,2.2.1.34-1-sensor,TRUE,1521483935
1516406344,FALSE,CentOS-6.5,Deep Visibility Agent,datanode-11,2.2.1.34-1-sensor,TRUE,1521483949
1516406344,FALSE,CentOS-6.5,Deep Visibility Agent,datanode-12,2.2.1.34-1-sensor,TRUE,1521483928
1516406344,FALSE,CentOS-6.5,Deep Visibility Agent,datanode-13,2.2.1.34-1-sensor,TRUE,1521483937
1516406344,FALSE,CentOS-6.5,Deep Visibility Agent,datanode-10,2.2.1.34-1-sensor,TRUE,1521483751
1516406344,FALSE,CentOS-6.5,Deep Visibility Agent,datanode-15,2.2.1.34-1-sensor,TRUE,1521483920
1516406344,FALSE,CentOS-6.5,Deep Visibility Agent,datanode-16,2.2.1.34-1-sensor,TRUE,1521483945
1516406344,FALSE,CentOS-6.5,Deep Visibility Agent,datanode-4,2.2.1.34-1-sensor,TRUE,1521483934
1516406344,FALSE,CentOS-6.5,Deep Visibility Agent,datanode-14,2.2.1.34-1-sensor,TRUE,1521483928
1516406101,FALSE,linux-amd64,Universal Visibility Agent,appServer-2,2.2.1.34-lw,TRUE,1521483901
1516406101,FALSE,linux-amd64,Universal Visibility Agent,redis-2,2.2.1.34-lw,TRUE,1521483901
1516406101,FALSE,linux-amd64,Universal Visibility Agent,elasticsearch-3,2.2.1.34-lw,TRUE,1521483901
1516406101,FALSE,linux-amd64,Universal Visibility Agent,druidHistoricalBroker-2,2.2.1.34-lw,TRUE,1521483901
1516406101,FALSE,linux-amd64,Universal Visibility Agent,adhockafka-1,2.2.1.34-lw,TRUE,1521483901
1516406101,FALSE,linux-amd64,Universal Visibility Agent,redis-1,2.2.1.34-lw,TRUE,1521483901
1516406101,FALSE,linux-amd64,Universal Visibility Agent,mongodb-2,2.2.1.34-lw,TRUE,1521483901
1516406101,FALSE,linux-amd64,Universal Visibility Agent,zookeeper-1,2.2.1.34-lw,TRUE,1521483901
1516406101,FALSE,linux-amd64,Universal Visibility Agent,zookeeper-2,2.2.1.34-lw,TRUE,1521483901
1516406101,FALSE,linux-amd64,Universal Visibility Agent,nodemanager-8,2.2.1.34-lw,TRUE,1521483901
1516406101,FALSE,linux-amd64,Universal Visibility Agent,namenode-1,2.2.1.34-lw,TRUE,1521483902
1516406101,FALSE,linux-amd64,Universal Visibility Agent,adhoc-1,2.2.1.34-lw,TRUE,1521483901
1516406101,FALSE,linux-amd64,Universal Visibility Agent,hbaseMaster-1,2.2.1.34-lw,TRUE,1521483901
1516406101,FALSE,linux-amd64,Universal Visibility Agent,redis-3,2.2.1.34-lw,TRUE,1521483901
1516406101,FALSE,linux-amd64,Universal Visibility Agent,launcherHost-2,2.2.1.34-lw,TRUE,1521483902
1516406101,FALSE,linux-amd64,Universal Visibility Agent,datanodesmall-5,2.2.1.34-lw,TRUE,1521483901
1516406101,FALSE,linux-amd64,Universal Visibility Agent,druidHistoricalBroker-3,2.2.1.34-lw,TRUE,1521483901
1516406101,FALSE,linux-amd64,Universal Visibility Agent,nodemanager-2,2.2.1.34-lw,TRUE,1521483901
1516406101,FALSE,linux-amd64,Universal Visibility Agent,hbaseMaster-2,2.2.1.34-lw,TRUE,1521483901
1516406101,FALSE,linux-amd64,Universal Visibility Agent,nodemanager-4,2.2.1.34-lw,TRUE,1521483901
1516406101,FALSE,linux-amd64,Universal Visibility Agent,druidHistoricalBroker-7,2.2.1.34-lw,TRUE,1521483901
1516406101,FALSE,linux-amd64,Universal Visibility Agent,hbaseRegionServer-1,2.2.1.34-lw,TRUE,1521483901
1516406101,FALSE,linux-amd64,Universal Visibility Agent,tsdbBosunGrafana-2,2.2.1.34-lw,TRUE,1521483901
1516406101,FALSE,linux-amd64,Universal Visibility Agent,hbaseRegionServer-4,2.2.1.34-lw,TRUE,1521483901
1516406101,FALSE,linux-amd64,Universal Visibility Agent,druidHistoricalBroker-4,2.2.1.34-lw,TRUE,1521483901
1516406101,FALSE,linux-amd64,Universal Visibility Agent,enforcementCoordinator-3,2.2.1.34-lw,TRUE,1521483901
1516406101,FALSE,linux-amd64,Universal Visibility Agent,datanodesmall-3,2.2.1.34-lw,TRUE,1521483901
1516406101,FALSE,linux-amd64,Universal Visibility Agent,nodemanager-7,2.2.1.34-lw,TRUE,1521483901
1516406101,FALSE,linux-amd64,Universal Visibility Agent,enforcementCoordinator-2,2.2.1.34-lw,TRUE,1521483901
1516406101,FALSE,linux-amd64,Universal Visibility Agent,zookeeper-3,2.2.1.34-lw,TRUE,1521483901
1516406101,FALSE,linux-amd64,Universal Visibility Agent,adhoc-2,2.2.1.34-lw,TRUE,1521483901
1516406101,FALSE,linux-amd64,Universal Visibility Agent,secondaryNamenode-1,2.2.1.34-lw,TRUE,1521483901
1516406101,FALSE,linux-amd64,Universal Visibility Agent,nodemanager-3,2.2.1.34-lw,TRUE,1521483901
1516406102,FALSE,linux-amd64,Universal Visibility Agent,adhockafka-2,2.2.1.34-lw,TRUE,1521483901
1516406102,FALSE,linux-amd64,Universal Visibility Agent,datanodesmall-6,2.2.1.34-lw,TRUE,1521483901
1516406102,FALSE,linux-amd64,Universal Visibility Agent,enforcementCoordinator-1,2.2.1.34-lw,TRUE,1521483901
1516406102,FALSE,linux-amd64,Universal Visibility Agent,druidHistoricalBroker-1,2.2.1.34-lw,TRUE,1521483901
1516406102,FALSE,linux-amd64,Universal Visibility Agent,hbaseRegionServer-3,2.2.1.34-lw,TRUE,1521483901
1516406102,FALSE,linux-amd64,Universal Visibility Agent,nodemanager-10,2.2.1.34-lw,TRUE,1521483902
1516406102,FALSE,linux-amd64,Universal Visibility Agent,datanodesmall-1,2.2.1.34-lw,TRUE,1521483902
1516406102,FALSE,linux-amd64,Universal Visibility Agent,adhockafka-3,2.2.1.34-lw,TRUE,1521483901
1516406102,FALSE,linux-amd64,Universal Visibility Agent,elasticsearch-1,2.2.1.34-lw,TRUE,1521483901
1516406102,FALSE,linux-amd64,Universal Visibility Agent,druidHistoricalBroker-8,2.2.1.34-lw,TRUE,1521483901
1516406102,FALSE,linux-amd64,Universal Visibility Agent,nodemanager-5,2.2.1.34-lw,TRUE,1521483901
1516406102,FALSE,linux-amd64,Universal Visibility Agent,datanodesmall-2,2.2.1.34-lw,TRUE,1521483902
1516406102,FALSE,linux-amd64,Universal Visibility Agent,resourceManager-2,2.2.1.34-lw,TRUE,1521483901
1516406102,FALSE,linux-amd64,Universal Visibility Agent,druidHistoricalBroker-6,2.2.1.34-lw,TRUE,1521483901
1516406102,FALSE,linux-amd64,Universal Visibility Agent,appServer-1,2.2.1.34-lw,TRUE,1521483901
1516406102,FALSE,linux-amd64,Universal Visibility Agent,nodemanager-9,2.2.1.34-lw,TRUE,1521483901
1516406102,FALSE,linux-amd64,Universal Visibility Agent,tsdbBosunGrafana-1,2.2.1.34-lw,TRUE,1521483901
1516406102,FALSE,linux-amd64,Universal Visibility Agent,datanodesmall-8,2.2.1.34-lw,TRUE,1521483902
1516406102,FALSE,linux-amd64,Universal Visibility Agent,launcherHost-3,2.2.1.34-lw,TRUE,1521483901
1516406102,FALSE,linux-amd64,Universal Visibility Agent,elasticsearch-2,2.2.1.34-lw,TRUE,1521483901
1516406102,FALSE,linux-amd64,Universal Visibility Agent,druidHistoricalBroker-5,2.2.1.34-lw,TRUE,1521483902
1516406102,FALSE,linux-amd64,Universal Visibility Agent,mongodb-1,2.2.1.34-lw,TRUE,1521483901
1516406102,FALSE,linux-amd64,Universal Visibility Agent,nodemanager-6,2.2.1.34-lw,TRUE,1521483901
1516406102,FALSE,linux-amd64,Universal Visibility Agent,launcherHost-1,2.2.1.34-lw,TRUE,1521483901
1516406102,FALSE,linux-amd64,Universal Visibility Agent,datanodesmall-4,2.2.1.34-lw,TRUE,1521483901
1516406102,FALSE,linux-amd64,Universal Visibility Agent,hbaseRegionServer-2,2.2.1.34-lw,TRUE,1521483902
1516406102,FALSE,linux-amd64,Universal Visibility Agent,tsdbBosunGrafana-3,2.2.1.34-lw,TRUE,1521483901
1516406102,FALSE,linux-amd64,Universal Visibility Agent,mongodbArbiter-1,2.2.1.34-lw,TRUE,1521483901
1516406102,FALSE,linux-amd64,Universal Visibility Agent,datanodesmall-7,2.2.1.34-lw,TRUE,1521483902
1516406102,FALSE,linux-amd64,Universal Visibility Agent,resourceManager-1,2.2.1.34-lw,TRUE,1521483902
1516406103,FALSE,linux-amd64,Universal Visibility Agent,nodemanager-1,2.2.1.34-lw,TRUE,1521483901
1517404330,FALSE,MSServer2012R2Standard,Enforcement Agent,WIN-9TI3JRG4QAN,2.2.1.34.win64-enforcer,TRUE,1519792272
1518909669,FALSE,CentOS-7.4,Enforcement Agent,localhost,2.2.1.34-1-enforcer,TRUE,1518909669
1518910189,FALSE,CentOS-7.4,Enforcement Agent,localhost,2.2.1.34-1-enforcer,TRUE,1518910189
1520022451,,linux-amd64,NetFlow Agent,netflow-vm-1-172-26-34-188,2.2.1.34-netflow,,1521482961
1520022452,,linux-amd64,NetFlow Agent,netflow-vm-1-172-26-34-189,2.2.1.34-netflow,,1521482691
1520022453,,linux-amd64,NetFlow Agent,netflow-vm-1-172-26-34-190,2.2.1.34-netflow,,1521482627
1520192128,FALSE,CentOS-6.8,Enforcement Agent,apjs01-percona01,2.2.1.34-1-enforcer,TRUE,1521483615
1520192127,FALSE,CentOS-6.8,Enforcement Agent,apjs01-nfs01,2.2.1.34-1-enforcer,TRUE,1521483385
1520192126,FALSE,CentOS-6.8,Enforcement Agent,apjs01-haproxy01,2.2.1.34-1-enforcer,TRUE,1521483745
1520192128,FALSE,CentOS-6.8,Enforcement Agent,apjs01-percona03,2.2.1.34-1-enforcer,TRUE,1521483617
1520192128,FALSE,CentOS-6.8,Enforcement Agent,apjs01-percona02,2.2.1.34-1-enforcer,TRUE,1521483095
1520192788,FALSE,CentOS-6.8,Enforcement Agent,apj01-wp02,2.2.1.34-1-enforcer,TRUE,1521482927
1520192788,FALSE,CentOS-6.8,Enforcement Agent,apj01-wp01,2.2.1.34-1-enforcer,TRUE,1521483656
1520192788,FALSE,CentOS-6.8,Enforcement Agent,apj01-oc01,2.2.1.34-1-enforcer,TRUE,1521482952
1520192789,FALSE,CentOS-6.8,Enforcement Agent,apj01-oc02,2.2.1.34-1-enforcer,TRUE,1521483253
1520192793,FALSE,CentOS-6.8,Enforcement Agent,apj01-redis01,2.2.1.34-1-enforcer,TRUE,1521483363
1520192793,FALSE,CentOS-6.8,Enforcement Agent,apj01-haproxy01,2.2.1.34-1-enforcer,TRUE,1521483353
1520193080,FALSE,CentOS-6.8,Enforcement Agent,apj05-wp01,2.2.1.34-1-enforcer,TRUE,1520193695
1520193080,FALSE,CentOS-6.8,Enforcement Agent,apj05-wp02,2.2.1.34-1-enforcer,TRUE,1520193080
1520193081,FALSE,CentOS-6.8,Enforcement Agent,apj05-haproxy01,2.2.1.34-1-enforcer,TRUE,1520193081
1520193081,FALSE,CentOS-6.8,Enforcement Agent,apj05-oc02,2.2.1.34-1-enforcer,TRUE,1520193081
1520193085,FALSE,CentOS-6.8,Enforcement Agent,apj05-redis01,2.2.1.34-1-enforcer,TRUE,1520193085
1520193085,FALSE,CentOS-6.8,Enforcement Agent,apj05-oc01,2.2.1.34-1-enforcer,TRUE,1520193085
1520194327,FALSE,CentOS-6.8,Enforcement Agent,apj02-oc02,2.2.1.34-1-enforcer,TRUE,1521483899
1520194328,FALSE,CentOS-6.8,Enforcement Agent,apj02-wp01,2.2.1.34-1-enforcer,TRUE,1521483957
1520194328,FALSE,CentOS-6.8,Enforcement Agent,apj02-wp02,2.2.1.34-1-enforcer,TRUE,1521482721
1520194329,FALSE,CentOS-6.8,Enforcement Agent,apj02-oc01,2.2.1.34-1-enforcer,TRUE,1521483653
1520194332,FALSE,CentOS-6.8,Enforcement Agent,apj02-haproxy01,2.2.1.34-1-enforcer,TRUE,1521483267
1520194333,FALSE,CentOS-6.8,Enforcement Agent,apj02-redis01,2.2.1.34-1-enforcer,TRUE,1521482678
1520195271,FALSE,CentOS-6.8,Enforcement Agent,apj06-wp02,2.2.1.34-1-enforcer,TRUE,1521483450
1520195271,FALSE,CentOS-6.8,Enforcement Agent,apj06-oc02,2.2.1.34-1-enforcer,TRUE,1521483446
1520195276,FALSE,CentOS-6.8,Enforcement Agent,apj06-wp01,2.2.1.34-1-enforcer,TRUE,1521483484
1520195276,FALSE,CentOS-6.8,Enforcement Agent,apj06-haproxy01,2.2.1.34-1-enforcer,TRUE,1521483484
1520195276,FALSE,CentOS-6.8,Enforcement Agent,apj06-redis01,2.2.1.34-1-enforcer,TRUE,1521483490
1520195277,FALSE,CentOS-6.8,Enforcement Agent,apj06-oc01,2.2.1.34-1-enforcer,TRUE,1521483564
1520195492,FALSE,CentOS-6.8,Enforcement Agent,apj03-wp02,2.2.1.34-1-enforcer,TRUE,1521483848
1520195492,FALSE,CentOS-6.8,Enforcement Agent,apj03-oc01,2.2.1.34-1-enforcer,TRUE,1521483850
1520195492,FALSE,CentOS-6.8,Enforcement Agent,apj03-redis01,2.2.1.34-1-enforcer,TRUE,1521483517
1520195493,FALSE,CentOS-6.8,Enforcement Agent,apj03-wp01,2.2.1.34-1-enforcer,TRUE,1521483516
1520195493,FALSE,CentOS-6.8,Enforcement Agent,apj03-oc02,2.2.1.34-1-enforcer,TRUE,1521483516
1520195498,FALSE,CentOS-6.8,Enforcement Agent,apj03-haproxy01,2.2.1.34-1-enforcer,TRUE,1521482720
1520197279,FALSE,CentOS-6.8,Enforcement Agent,apj04-haproxy01,2.2.1.34-1-enforcer,TRUE,1521483565
1520197279,FALSE,CentOS-6.8,Enforcement Agent,apj04-wp01,2.2.1.34-1-enforcer,TRUE,1521483567
1520197279,FALSE,CentOS-6.8,Enforcement Agent,apj04-oc02,2.2.1.34-1-enforcer,TRUE,1521483575
1520197279,FALSE,CentOS-6.8,Enforcement Agent,apj04-redis01,2.2.1.34-1-enforcer,TRUE,1521483570
1520197279,FALSE,CentOS-6.8,Enforcement Agent,apj04-oc01,2.2.1.34-1-enforcer,TRUE,1521483569
1520197284,FALSE,CentOS-6.8,Enforcement Agent,apj04-wp02,2.2.1.34-1-enforcer,TRUE,1521483899
1520197345,FALSE,CentOS-6.8,Enforcement Agent,apj08-oc01,2.2.1.34-1-enforcer,TRUE,1520474786
1520197345,FALSE,CentOS-6.8,Enforcement Agent,apj08-wp02,2.2.1.34-1-enforcer,TRUE,1521483492
1520197345,FALSE,CentOS-6.8,Enforcement Agent,apj08-haproxy01,2.2.1.34-1-enforcer,TRUE,1521483492
1520197345,FALSE,CentOS-6.8,Enforcement Agent,apj08-wp01,2.2.1.34-1-enforcer,TRUE,1521483492
1520197345,FALSE,CentOS-6.8,Enforcement Agent,apj08-redis01,2.2.1.34-1-enforcer,TRUE,1521483486
1520197350,FALSE,CentOS-6.8,Enforcement Agent,apj08-oc02,2.2.1.34-1-enforcer,TRUE,1520474760
1520640066,FALSE,CentOS-6.8,Enforcement Agent,pod12-oc01,2.2.1.34-1-enforcer,TRUE,1521483099
1520640066,FALSE,CentOS-6.8,Enforcement Agent,pod12-wp01,2.2.1.34-1-enforcer,TRUE,1521483099
1520640066,FALSE,CentOS-6.8,Enforcement Agent,pod10-haproxy01,2.2.1.34-1-enforcer,TRUE,1521483103
1520640066,FALSE,CentOS-6.8,Enforcement Agent,pod12-wp02,2.2.1.34-1-enforcer,TRUE,1521483107
1520640066,FALSE,CentOS-6.8,Enforcement Agent,pod10-wp02,2.2.1.34-1-enforcer,TRUE,1521483100
1520640066,FALSE,CentOS-6.8,Enforcement Agent,pod10-wp01,2.2.1.34-1-enforcer,TRUE,1521483100
1520640066,FALSE,CentOS-6.8,Enforcement Agent,pod17-redis01,2.2.1.34-1-enforcer,TRUE,1521483106
1520640066,FALSE,CentOS-6.8,Enforcement Agent,pod12-oc02,2.2.1.34-1-enforcer,TRUE,1521483099
1520640066,FALSE,CentOS-6.8,Enforcement Agent,pod10-oc01,2.2.1.34-1-enforcer,TRUE,1521483100
1520640066,FALSE,CentOS-6.8,Enforcement Agent,pod01-redis01,2.2.1.34-1-enforcer,TRUE,1521483105
1520640070,FALSE,CentOS-6.8,Enforcement Agent,pod19-wp02,2.2.1.34-1-enforcer,TRUE,1521483521
1520640070,FALSE,CentOS-6.8,Enforcement Agent,pod19-haproxy01,2.2.1.34-1-enforcer,TRUE,1521483520
1520640070,FALSE,CentOS-6.8,Enforcement Agent,pod06-redis01,2.2.1.34-1-enforcer,TRUE,1521483519
1520640070,FALSE,CentOS-6.8,Enforcement Agent,pod10-oc02,2.2.1.34-1-enforcer,TRUE,1521483520
1520640070,FALSE,CentOS-6.8,Enforcement Agent,pod12-redis01,2.2.1.34-1-enforcer,TRUE,1521483528
1520640070,FALSE,CentOS-6.8,Enforcement Agent,pod19-wp01,2.2.1.34-1-enforcer,TRUE,1521483521
1520640070,FALSE,CentOS-6.8,Enforcement Agent,pod10-redis01,2.2.1.34-1-enforcer,TRUE,1521483528
1520640070,FALSE,CentOS-6.8,Enforcement Agent,pod01-haproxy01,2.2.1.34-1-enforcer,TRUE,1521483522
1520640071,FALSE,CentOS-6.8,Enforcement Agent,pod19-oc01,2.2.1.34-1-enforcer,TRUE,1521483305
1520640071,FALSE,CentOS-6.8,Enforcement Agent,pod02-haproxy01,2.2.1.34-1-enforcer,TRUE,1521483310
1520640074,FALSE,CentOS-6.8,Enforcement Agent,pod03-haproxy01,2.2.1.34-1-enforcer,TRUE,1521483629
1520640074,FALSE,CentOS-6.8,Enforcement Agent,pod19-oc02,2.2.1.34-1-enforcer,TRUE,1521483622
1520640074,FALSE,CentOS-6.8,Enforcement Agent,pod19-redis01,2.2.1.34-1-enforcer,TRUE,1521483620
1520640074,FALSE,CentOS-6.8,Enforcement Agent,pod04-haproxy01,2.2.1.34-1-enforcer,TRUE,1521483628
1520640074,FALSE,CentOS-6.8,Enforcement Agent,pod18-haproxy01,2.2.1.34-1-enforcer,TRUE,1521483623
1520640074,FALSE,CentOS-6.8,Enforcement Agent,pod18-wp01,2.2.1.34-1-enforcer,TRUE,1521483622
1520640074,FALSE,CentOS-6.8,Enforcement Agent,pod05-haproxy01,2.2.1.34-1-enforcer,TRUE,1521483628
1520640074,FALSE,CentOS-6.8,Enforcement Agent,pod06-haproxy01,2.2.1.34-1-enforcer,TRUE,1521483623
1520640075,FALSE,CentOS-6.8,Enforcement Agent,pod07-haproxy01,2.2.1.34-1-enforcer,TRUE,1521483528
1520640075,FALSE,CentOS-6.8,Enforcement Agent,pod18-wp02,2.2.1.34-1-enforcer,TRUE,1521483520
1520640077,FALSE,CentOS-6.8,Enforcement Agent,pod18-oc02,2.2.1.34-1-enforcer,TRUE,1521483586
1520640078,FALSE,CentOS-6.8,Enforcement Agent,pod18-oc01,2.2.1.34-1-enforcer,TRUE,1521483714
1520640078,FALSE,CentOS-6.8,Enforcement Agent,pod08-haproxy01,2.2.1.34-1-enforcer,TRUE,1521483714
1520640078,FALSE,CentOS-6.8,Enforcement Agent,pod18-redis01,2.2.1.34-1-enforcer,TRUE,1521483708
1520640078,FALSE,CentOS-6.8,Enforcement Agent,pod07-redis01,2.2.1.34-1-enforcer,TRUE,1521483708
1520640078,FALSE,CentOS-6.8,Enforcement Agent,pod09-haproxy01,2.2.1.34-1-enforcer,TRUE,1521483710
1520640078,FALSE,CentOS-6.8,Enforcement Agent,pod01-oc01,2.2.1.34-1-enforcer,TRUE,1521483708
1520640078,FALSE,CentOS-6.8,Enforcement Agent,pod11-redis01,2.2.1.34-1-enforcer,TRUE,1521483716
1520640079,FALSE,CentOS-6.8,Enforcement Agent,pod01-oc02,2.2.1.34-1-enforcer,TRUE,1521483555
1520640081,FALSE,CentOS-6.8,Enforcement Agent,pod14-redis01,2.2.1.34-1-enforcer,TRUE,1521483776
1520640082,FALSE,CentOS-6.8,Enforcement Agent,pod02-oc01,2.2.1.34-1-enforcer,TRUE,1521483383
1520640082,FALSE,CentOS-6.8,Enforcement Agent,pod15-redis01,2.2.1.34-1-enforcer,TRUE,1521483382
1520640082,FALSE,CentOS-6.8,Enforcement Agent,pod03-oc01,2.2.1.34-1-enforcer,TRUE,1521483385
1520640082,FALSE,CentOS-6.8,Enforcement Agent,pod16-redis01,2.2.1.34-1-enforcer,TRUE,1521483383
1520640082,FALSE,CentOS-6.8,Enforcement Agent,pod02-oc02,2.2.1.34-1-enforcer,TRUE,1521483384
1520640082,FALSE,CentOS-6.8,Enforcement Agent,pod03-oc02,2.2.1.34-1-enforcer,TRUE,1521483384
1520640082,FALSE,CentOS-6.8,Enforcement Agent,pod20-redis01,2.2.1.34-1-enforcer,TRUE,1521483388
1520640084,FALSE,CentOS-6.8,Enforcement Agent,pod04-oc01,2.2.1.34-1-enforcer,TRUE,1521483253
1520640085,FALSE,CentOS-6.8,Enforcement Agent,pod04-oc02,2.2.1.34-1-enforcer,TRUE,1521482923
1520640086,FALSE,CentOS-6.8,Enforcement Agent,pod05-oc01,2.2.1.34-1-enforcer,TRUE,1521483284
1520640086,FALSE,CentOS-6.8,Enforcement Agent,pod06-oc01,2.2.1.34-1-enforcer,TRUE,1521483284
1520640086,FALSE,CentOS-6.8,Enforcement Agent,localhost,2.2.1.34-1-enforcer,TRUE,1520649715
1520640086,FALSE,CentOS-6.8,Enforcement Agent,pod05-oc02,2.2.1.34-1-enforcer,TRUE,1521483285
1520640087,FALSE,CentOS-6.8,Enforcement Agent,pod12-haproxy01,2.2.1.34-1-enforcer,TRUE,1521483544
1520640088,FALSE,CentOS-6.8,Enforcement Agent,pod06-oc02,2.2.1.34-1-enforcer,TRUE,1521482515
1520640089,FALSE,CentOS-6.8,Enforcement Agent,pod07-oc01,2.2.1.34-1-enforcer,TRUE,1521483467
1520640090,FALSE,CentOS-6.8,Enforcement Agent,pod11-haproxy01,2.2.1.34-1-enforcer,TRUE,1521483519
1520640090,FALSE,CentOS-6.8,Enforcement Agent,pod07-oc02,2.2.1.34-1-enforcer,TRUE,1521483518
1520640090,FALSE,CentOS-6.8,Enforcement Agent,pod11-wp01,2.2.1.34-1-enforcer,TRUE,1521483520
1520640090,FALSE,CentOS-6.8,Enforcement Agent,pod08-oc01,2.2.1.34-1-enforcer,TRUE,1521483519
1520640090,FALSE,CentOS-6.8,Enforcement Agent,pod11-oc01,2.2.1.34-1-enforcer,TRUE,1521483520
1520640090,FALSE,CentOS-6.8,Enforcement Agent,pod11-wp02,2.2.1.34-1-enforcer,TRUE,1521483520
1520640091,FALSE,CentOS-6.8,Enforcement Agent,pod08-oc02,2.2.1.34-1-enforcer,TRUE,1521483126
1520640092,FALSE,CentOS-6.8,Enforcement Agent,pod09-oc01,2.2.1.34-1-enforcer,TRUE,1521483934
1520640092,FALSE,CentOS-6.8,Enforcement Agent,pod11-oc02,2.2.1.34-1-enforcer,TRUE,1521483934
1520640094,FALSE,CentOS-6.8,Enforcement Agent,pod09-oc02,2.2.1.34-1-enforcer,TRUE,1521483667
1520640094,FALSE,CentOS-6.8,Enforcement Agent,pod02-redis01,2.2.1.34-1-enforcer,TRUE,1521483669
1520640094,FALSE,CentOS-6.8,Enforcement Agent,pod03-redis01,2.2.1.34-1-enforcer,TRUE,1521483668
1520640094,FALSE,CentOS-6.8,Enforcement Agent,pod17-haproxy01,2.2.1.34-1-enforcer,TRUE,1521483668
1520640094,FALSE,CentOS-6.8,Enforcement Agent,pod17-wp01,2.2.1.34-1-enforcer,TRUE,1521483670
1520640095,FALSE,CentOS-6.8,Enforcement Agent,pod17-wp02,2.2.1.34-1-enforcer,TRUE,1521483960
1520640095,FALSE,CentOS-6.8,Enforcement Agent,pod17-oc01,2.2.1.34-1-enforcer,TRUE,1521483955
1520640095,FALSE,CentOS-6.8,Enforcement Agent,pod04-redis01,2.2.1.34-1-enforcer,TRUE,1521483955
1520640096,FALSE,CentOS-6.8,Enforcement Agent,pod05-redis01,2.2.1.34-1-enforcer,TRUE,1521483957
1520640096,FALSE,CentOS-6.8,Enforcement Agent,pod17-oc02,2.2.1.34-1-enforcer,TRUE,1521483958
1520640098,FALSE,CentOS-6.8,Enforcement Agent,pod08-redis01,2.2.1.34-1-enforcer,TRUE,1521483432
1520640099,FALSE,CentOS-6.8,Enforcement Agent,pod16-wp01,2.2.1.34-1-enforcer,TRUE,1521483019
1520640099,FALSE,CentOS-6.8,Enforcement Agent,pod09-redis01,2.2.1.34-1-enforcer,TRUE,1521483016
1520640099,FALSE,CentOS-6.8,Enforcement Agent,pod16-haproxy01,2.2.1.34-1-enforcer,TRUE,1521483018
1520640099,FALSE,CentOS-6.8,Enforcement Agent,pod04-wp01,2.2.1.34-1-enforcer,TRUE,1521483019
1520640099,FALSE,CentOS-6.8,Enforcement Agent,pod16-wp02,2.2.1.34-1-enforcer,TRUE,1521483026
1520640099,FALSE,CentOS-6.8,Enforcement Agent,pod16-oc01,2.2.1.34-1-enforcer,TRUE,1521483018
1520640099,FALSE,CentOS-6.8,Enforcement Agent,pod04-wp02,2.2.1.34-1-enforcer,TRUE,1521483021
1520640100,FALSE,CentOS-6.8,Enforcement Agent,pod05-wp01,2.2.1.34-1-enforcer,TRUE,1521483427
1520640100,FALSE,CentOS-6.8,Enforcement Agent,pod16-oc02,2.2.1.34-1-enforcer,TRUE,1521483427
1520640103,FALSE,CentOS-6.8,Enforcement Agent,pod05-wp02,2.2.1.34-1-enforcer,TRUE,1521483885
1520640103,FALSE,CentOS-6.8,Enforcement Agent,pod15-haproxy01,2.2.1.34-1-enforcer,TRUE,1521483883
1520640103,FALSE,CentOS-6.8,Enforcement Agent,pod15-wp01,2.2.1.34-1-enforcer,TRUE,1521483882
1520640103,FALSE,CentOS-6.8,Enforcement Agent,pod06-wp02,2.2.1.34-1-enforcer,TRUE,1521483882
1520640103,FALSE,CentOS-6.8,Enforcement Agent,pod06-wp01,2.2.1.34-1-enforcer,TRUE,1521483882
1520640104,FALSE,CentOS-6.8,Enforcement Agent,pod15-wp02,2.2.1.34-1-enforcer,TRUE,1521483039
1520640104,FALSE,CentOS-6.8,Enforcement Agent,pod15-oc01,2.2.1.34-1-enforcer,TRUE,1521483039
1520640104,FALSE,CentOS-6.8,Enforcement Agent,pod07-wp01,2.2.1.34-1-enforcer,TRUE,1521483041
1520640104,FALSE,CentOS-6.8,Enforcement Agent,pod07-wp02,2.2.1.34-1-enforcer,TRUE,1521483040
1520640105,FALSE,CentOS-6.8,Enforcement Agent,pod15-oc02,2.2.1.34-1-enforcer,TRUE,1521483915
1520640107,FALSE,CentOS-6.8,Enforcement Agent,pod01-wp01,2.2.1.34-1-enforcer,TRUE,1521483922
1520640107,FALSE,CentOS-6.8,Enforcement Agent,pod14-wp01,2.2.1.34-1-enforcer,TRUE,1521483918
1520640107,FALSE,CentOS-6.8,Enforcement Agent,pod14-haproxy01,2.2.1.34-1-enforcer,TRUE,1521483916
1520640107,FALSE,CentOS-6.8,Enforcement Agent,pod01-wp02,2.2.1.34-1-enforcer,TRUE,1521483917
1520640107,FALSE,CentOS-6.8,Enforcement Agent,pod02-wp01,2.2.1.34-1-enforcer,TRUE,1521483917
1520640108,FALSE,CentOS-6.8,Enforcement Agent,pod02-wp02,2.2.1.34-1-enforcer,TRUE,1521482703
1520640108,FALSE,CentOS-6.8,Enforcement Agent,pod14-oc01,2.2.1.34-1-enforcer,TRUE,1521482706
1520640108,FALSE,CentOS-6.8,Enforcement Agent,pod14-wp02,2.2.1.34-1-enforcer,TRUE,1521482707
1520640109,FALSE,CentOS-6.8,Enforcement Agent,pod03-wp01,2.2.1.34-1-enforcer,TRUE,1521482586
1520640110,FALSE,CentOS-6.8,Enforcement Agent,pod14-oc02,2.2.1.34-1-enforcer,TRUE,1521482398
1520640111,FALSE,CentOS-6.8,Enforcement Agent,pod03-wp02,2.2.1.34-1-enforcer,TRUE,1521483285
1520640112,FALSE,CentOS-6.8,Enforcement Agent,pod20-haproxy01,2.2.1.34-1-enforcer,TRUE,1521483957
1520640112,FALSE,CentOS-6.8,Enforcement Agent,pod08-wp02,2.2.1.34-1-enforcer,TRUE,1521483957
1520640112,FALSE,CentOS-6.8,Enforcement Agent,pod20-oc01,2.2.1.34-1-enforcer,TRUE,1521483949
1520640112,FALSE,CentOS-6.8,Enforcement Agent,pod08-wp01,2.2.1.34-1-enforcer,TRUE,1521483957
1520640112,FALSE,CentOS-6.8,Enforcement Agent,pod20-wp01,2.2.1.34-1-enforcer,TRUE,1521483957
1520640112,FALSE,CentOS-6.8,Enforcement Agent,pod09-wp01,2.2.1.34-1-enforcer,TRUE,1521483950
1520640113,FALSE,CentOS-6.8,Enforcement Agent,pod20-oc02,2.2.1.34-1-enforcer,TRUE,1521483690
1520640114,FALSE,CentOS-6.8,Enforcement Agent,pod09-wp02,2.2.1.34-1-enforcer,TRUE,1521483400
1520640114,FALSE,CentOS-6.8,Enforcement Agent,pod20-wp02,2.2.1.34-1-enforcer,TRUE,1521483401
1520650189,FALSE,CentOS-6.8,Enforcement Agent,pod49-wp01,2.2.1.34-1-enforcer,TRUE,1521483573
1520650189,FALSE,CentOS-6.8,Enforcement Agent,pod49-oc02,2.2.1.34-1-enforcer,TRUE,1521483573
1520650189,FALSE,CentOS-6.8,Enforcement Agent,pod49-haproxy01,2.2.1.34-1-enforcer,TRUE,1521483576
1520650189,FALSE,CentOS-6.8,Enforcement Agent,pod49-wp02,2.2.1.34-1-enforcer,TRUE,1521483574
1520650189,FALSE,CentOS-6.8,Enforcement Agent,pod49-oc01,2.2.1.34-1-enforcer,TRUE,1521483575
1520650192,FALSE,CentOS-6.8,Enforcement Agent,pod49-redis01,2.2.1.34-1-enforcer,TRUE,1521482971
1520651353,FALSE,CentOS-6.8,Enforcement Agent,pod13-redis01,2.2.1.34-1-enforcer,TRUE,1521482811
1520651353,FALSE,CentOS-6.8,Enforcement Agent,pod13-wp01,2.2.1.34-1-enforcer,TRUE,1521482806
1520651353,FALSE,CentOS-6.8,Enforcement Agent,pod13-oc01,2.2.1.34-1-enforcer,TRUE,1521482807
1520651354,FALSE,CentOS-6.8,Enforcement Agent,pod13-oc02,2.2.1.34-1-enforcer,TRUE,1521482490
1520651354,FALSE,CentOS-6.8,Enforcement Agent,pod13-wp02,2.2.1.34-1-enforcer,TRUE,1521482489
1520651357,FALSE,CentOS-6.8,Enforcement Agent,pod13-haproxy01,2.2.1.34-1-enforcer,TRUE,1521482635
1520698223,FALSE,CentOS-7.0,Enforcement Agent,appd-controller,2.2.1.34-1-enforcer,TRUE,1521483267
1520698238,FALSE,CentOS-7.0,Enforcement Agent,appd-eum,2.2.1.34-1-enforcer,TRUE,1521483516
1520698254,FALSE,CentOS-7.0,Enforcement Agent,appd-events,2.2.1.34-1-enforcer,TRUE,1521483458
1520918400,,CentOS-7.3,Span Visibility Agent,erspan-vm-1-10-72-86-191,2.2.1.34-1-span,,1520919889
1520918403,,CentOS-7.3,Span Visibility Agent,erspan-vm-1-10-72-86-192,2.2.1.34-1-span,,1520919742
1520918404,,CentOS-7.3,Span Visibility Agent,erspan-vm-1-10-72-86-193,2.2.1.34-1-span,,1520919638